song,project_id,provider,calls,errors,cost_usd,first_call_at,last_call_at
Sathamgathaye Sanathanaya,67e14b19-5e5c-4c87-bbc7-7d2512d67e0b,segmind,73,9,88.774,2026-05-08T07:49:41.569125+00:00,2026-05-12T12:59:11.763269+00:00
Heramba,31cb5e05-7684-4987-b175-48ec0451bbe2,segmind,59,10,86.724,2026-05-30T06:33:48.055858+00:00,2026-05-30T17:04:08.248926+00:00
Gajavadana Gananatha,8c91d143-1900-495a-9e79-9ddd65ae45c8,segmind,42,5,74.46,2026-05-29T13:17:16.329197+00:00,2026-05-30T10:03:57.539041+00:00
Om Kaara Padma Brundaya,67e97fb6-d8c7-4ffa-8a21-1fb7dbe44048,vertex,58,0,73.2,2026-05-02T08:30:46.607195+00:00,2026-05-02T12:05:58.510939+00:00
Sathyam Nyanam Anantham (1),a8741f9c-5fcc-4d8a-ba0a-fe00966c0531,segmind,41,6,70.372,2026-05-25T05:51:40.701715+00:00,2026-05-28T13:23:20.373992+00:00
Jnaana Chakshuse,ffee006a-482c-4777-8d5a-cfe96997315d,segmind,157,3,68.61,2026-05-12T07:50:11.376039+00:00,2026-05-13T04:41:39.099847+00:00
Sri Ganapathi Thaalam,4ac76eba-c2a5-4a97-ac74-423fd7cd8c58,segmind,44,1,61.32,2026-06-01T08:05:04.424655+00:00,2026-06-01T12:51:28.396329+00:00
Ganesha Suktam,daddab39-cf18-4a9a-8279-2127f20fdfaf,segmind,34,2,59.568,2026-06-04T07:28:53.841644+00:00,2026-06-04T11:01:26.147659+00:00
Sindura Vadana,b09fe455-0bcf-4879-8830-0e27f537785a,segmind,122,1,59.166,2026-06-05T09:42:19.630576+00:00,2026-06-05T12:41:56.942624+00:00
Lakshmi Ashtakam,60e8f1e4-f91f-41b5-8cb6-96359f47fa59,segmind,90,0,59.07,2026-06-07T17:21:33.705596+00:00,2026-06-07T20:09:38.581721+00:00
Om Anadhyantham,5512913d-9289-460d-80e6-478c85fbcc17,segmind,31,1,57.524,2026-05-07T14:45:41.786179+00:00,2026-05-29T15:59:10.513937+00:00
Om Gam Ganapathiyenamaha,58b80317-b5c9-4014-8436-5f66e132775e,segmind,117,46,56.328,2026-04-21T11:27:58.081498+00:00,2026-05-22T17:20:04.793962+00:00
Nirbhayaya Nirantwanthaya,092488bd-b2b0-4dce-9c8f-e8ce73c4546c,segmind,28,1,53.436,2026-05-25T08:49:33.846555+00:00,2026-05-28T15:26:59.071108+00:00
Vishwanathashtakam,6e5e838c-5f11-4991-a19a-76469bb69373,segmind,29,2,52.122,2026-06-02T07:21:59.968113+00:00,2026-06-02T14:49:17.795479+00:00
Durga Sooktam,8a22b04b-0f21-4688-9dd0-6118e09c5583,segmind,26,0,51.684,2026-06-02T11:56:57.243198+00:00,2026-06-04T07:28:16.635094+00:00
Shivastakam,e03a3f79-1b6a-48f6-ad05-0069a5a1928f,segmind,78,0,51.174,2026-06-06T17:09:06.392324+00:00,2026-06-06T19:02:26.205123+00:00
Aadi Deva,b85540b3-9fa5-4d88-b4b6-274220b0dc98,segmind,26,0,50.37,2026-06-03T12:24:34.6805+00:00,2026-06-03T12:48:07.279685+00:00
Gakaaravaachyam,0c777e6d-1e96-43ec-b85d-876eba953d35,segmind,65,1,49.702,2026-06-01T08:48:59.537543+00:00,2026-06-07T13:57:55.025949+00:00
Gajaanana Jai Gajaanana,a9021ad1-2fa0-4cd6-9c3d-ecb4e1265472,segmind,88,0,48.972,2026-06-05T10:51:17.93904+00:00,2026-06-07T16:28:49.201858+00:00
Paahi Prabhu Gananadha,5145f70f-c83b-44e1-ab57-530a6de34d2a,segmind,82,0,48.972,2026-06-05T13:23:31.188442+00:00,2026-06-06T09:39:36.815051+00:00
Om Sarvam Kalpitham,1cac9a11-d225-4856-94ad-009c1d5a84aa,segmind,49,0,48.966,2026-04-22T09:07:26.640626+00:00,2026-05-29T15:53:55.410146+00:00
Devi Sooktam,4acdf2a3-e1a9-47e2-9dad-0049bc9cfe77,segmind,75,0,48.526,2026-06-06T09:38:34.635835+00:00,2026-06-06T11:46:39.828125+00:00
Om Sri Gurubyonamaha (Ganapathi Prathane),699327b7-19c9-42e2-bbf1-fff815ba7cf6,segmind,26,0,45.406,2026-04-22T16:18:15.340657+00:00,2026-05-22T10:05:15.26476+00:00
Vipannana (1),80ed621c-9e0b-4768-b772-5c4c0819d03f,segmind,29,1,44.822,2026-05-28T15:25:06.583951+00:00,2026-05-29T15:10:18.628325+00:00
Om Ganapatheyanamaha,2f771594-968f-452a-87c3-edc94f39482f,segmind,53,2,42.61,2026-06-05T11:54:53.527061+00:00,2026-06-07T17:26:30.009797+00:00
Ekam Brahmmhai Vah Adhvaithiyam,2a7a7e33-4cac-4a90-847e-cfe27fd778e4,segmind,21,0,41.902,2026-05-31T11:47:21.788938+00:00,2026-05-31T12:40:26.021925+00:00
Sri Mahaganapathi Prarthasnmarana Stotram (1),13c259ce-57eb-4da3-8b7e-4e78f1940a1d,segmind,23,0,41.756,2026-05-22T11:09:46.896732+00:00,2026-05-25T05:52:15.977153+00:00
Ekam Brahmmhai Vah Adhvaithiyam,6a885d22-31b9-4a04-ba1a-3971b802e7b0,segmind,46,1,41.348,2026-05-11T11:32:37.880358+00:00,2026-05-12T11:04:22.343873+00:00
Devi Sooktam,b9a3500d-b977-4803-90f1-da8336f08a01,segmind,28,0,38.784,2026-06-02T14:33:34.824556+00:00,2026-06-06T07:09:34.54329+00:00
Ghanpatham,4c783a19-af4f-44b9-8df4-45ed45cca9de,segmind,56,0,38.48,2026-06-06T09:17:00.340479+00:00,2026-06-06T15:10:32.720165+00:00
Bilvashtakam,3ce46c10-10a1-4c41-ac1d-ca23e2cb8db9,segmind,21,0,36.882,2026-06-04T13:05:01.652594+00:00,2026-06-06T17:34:23.961045+00:00
Sarvahristham,b925df9f-219a-4a99-ad1f-2916c6171114,segmind,25,2,35.976,2026-05-12T14:07:18.818407+00:00,2026-05-28T07:51:03.060486+00:00
Shanthanantha Chithathamane,20b6c30b-52b8-4f67-8e35-c1863d748211,segmind,18,0,34.894,2026-05-30T05:45:28.55482+00:00,2026-05-30T06:36:08.828493+00:00
Durga Sooktam,fe7c3203-7c56-4576-b88d-ba446cf4ce10,segmind,22,0,34.31,2026-06-04T07:14:45.438876+00:00,2026-06-04T07:28:13.011468+00:00
Lingashtakam,b876f0d8-871c-4da4-acb2-302f7340aa97,segmind,49,0,33.754,2026-06-07T06:54:57.564143+00:00,2026-06-07T08:15:50.853165+00:00
Vinayaka Vinayaka,7b8cf284-25f9-4270-a7cc-4f5df6191058,segmind,22,0,33.584,2026-06-04T15:47:25.288084+00:00,2026-06-06T07:15:40.569665+00:00
Rathri Sooktam,56b06e18-5a99-4827-b3e6-45d2d4e45af9,segmind,32,7,30.87,2026-06-02T07:44:58.06113+00:00,2026-06-06T08:35:01.653984+00:00
Sri Lakshmi Mahaganapathi Stotram,a3f467ac-a182-47f6-b3ac-0a54589e59fb,segmind,84,4,29.782,2026-04-30T07:33:34.898886+00:00,2026-05-12T06:50:39.051739+00:00
Umakanthaya,0b49b269-da7a-4f9c-8604-690b963fd2d0,segmind,46,1,29.53,2026-06-06T09:14:44.829486+00:00,2026-06-06T10:09:28.321539+00:00
Dandakam,44dbbd8e-c707-4876-9b9f-38a553679486,segmind,16,2,29.2,2026-05-31T13:29:30.181296+00:00,2026-05-31T13:52:12.505862+00:00
Om Anadhyantham,cfb3ebff-70f7-43f5-a76e-f2105f237e51,segmind,48,0,27.944,2026-06-05T09:41:38.440146+00:00,2026-06-05T10:42:51.914132+00:00
Om Prathamam Baala Vignesham (Ganapathi Shodasha Naama),6e46c26c-872d-430c-b674-fc1320559f60,segmind,29,1,27.448,2026-05-09T07:02:11.369824+00:00,2026-05-11T07:51:38.204206+00:00
Sakthi Sahitha Ganapathim,3d22baed-bad7-4544-bd1d-07de27fa53f6,segmind,45,0,26.318,2026-06-06T05:40:09.672608+00:00,2026-06-06T09:38:16.648182+00:00
Balittha Sooktam,a9f6dfaa-d854-495c-aad5-5c4a7b3ba5c7,segmind,19,7,26.28,2026-06-02T07:53:17.031321+00:00,2026-06-04T06:12:44.528792+00:00
Ganesha Vandanam - Sloka,85726ede-3fb4-4f21-b7e0-343647076dae,segmind,128,102,26.15,2026-04-15T10:59:29+00:00,2026-04-24T08:38:59.663803+00:00
Vigneswaraaya,6ccf5b1f-383f-47b6-a233-88860f8102c8,segmind,32,0,25.6,2026-04-14T05:56:47+00:00,2026-04-24T07:48:55.061489+00:00
Om Kaara Padma Brundaya,67e97fb6-d8c7-4ffa-8a21-1fb7dbe44048,segmind,26,2,25.112,2026-05-02T08:45:32.859166+00:00,2026-05-11T08:12:14.597458+00:00
Ganesha Vandanam - Sloka (2),d303db34-368c-42f5-a144-3148fec4dfa5,segmind,10,0,20.586,2026-05-22T10:06:41.577881+00:00,2026-05-22T11:20:37.302644+00:00
Om Prathamam Baala Vignesham (Ganapathi Shodasha Naama),6e46c26c-872d-430c-b674-fc1320559f60,vertex,13,0,19.2,2026-05-02T05:40:43.85248+00:00,2026-05-02T05:59:32.883216+00:00
Slokam,8844869c-fca1-4aeb-8500-b57164472a55,segmind,34,17,17.998,2026-04-15T09:12:38+00:00,2026-05-22T04:22:24.335114+00:00
Sri Mahaganapathi Prarthasnmarana Stotram,3da31ede-1818-4839-a8ae-f9d07fc1939b,segmind,21,9,17.52,2026-04-21T08:51:18.36954+00:00,2026-04-22T05:28:44.723524+00:00
Shuklam Bharadaram Vishnum (Ganapathi Shloka),a2585320-ef27-47be-84b9-7b0024375907,vertex,25,0,17,2026-05-01T08:53:39.670348+00:00,2026-05-01T13:44:21.912516+00:00
Sri Mahaganapathi Eka Vimshathi Stotram,7433bc5e-a002-4988-a183-5e48f3a6bc9e,segmind,9,0,11.68,2026-05-01T14:00:08.010329+00:00,2026-05-01T14:05:27.890075+00:00
Sri Lakshmi Mahaganapathi Stotram,a3f467ac-a182-47f6-b3ac-0a54589e59fb,vertex,4,0,2.8,2026-05-02T05:50:04.897078+00:00,2026-05-02T06:01:44.269853+00:00
Om Sarvam Kalpitham,1cac9a11-d225-4856-94ad-009c1d5a84aa,vertex,3,0,2.4,2026-05-02T07:05:05.784658+00:00,2026-05-02T07:07:32.127649+00:00
Shuklam Bharadaram Vishnum (Ganapathi Shloka),a2585320-ef27-47be-84b9-7b0024375907,segmind,7,5,1.6,2026-04-24T06:27:43.659404+00:00,2026-05-09T06:43:26.522331+00:00
Slokam,8844869c-fca1-4aeb-8500-b57164472a55,vertex,1,0,0.8,2026-04-24T08:23:10.481439+00:00,2026-04-24T08:23:10.481439+00:00
Ghanapatham,7fb4fabd-4194-409b-b2ee-451bb2bccddc,segmind,6,0,0.21,2026-06-06T09:59:57.496542+00:00,2026-06-06T10:06:32.471581+00:00
Mantrapushpam,eedbe6d6-bae0-4e41-bb30-30f5d1e6c7c5,segmind,17,17,0,2026-06-02T07:26:22.436277+00:00,2026-06-03T05:09:45.480484+00:00
